<?xml version="1.0" encoding="utf-8" ?><dwsync><file name="bakgrund.png" server="ftp.domeneshop.no/www/en/" local="3450300044" remote="318763443843366852" Dst="-1" /><file name="foljmedoss.png" server="ftp.domeneshop.no/www/en/" local="3450379743" remote="318763443843366852" Dst="-1" /><file name="foljmedoss_fb.png" server="ftp.domeneshop.no/www/en/" local="3450379770" remote="318763443843366852" Dst="-1" /><file name="foljmedoss_instagram.png" server="ftp.domeneshop.no/www/en/" local="3450379795" remote="318763443843366852" Dst="-1" /><file name="gebort.png" server="ftp.domeneshop.no/www/en/" local="3450379567" remote="318763443843366852" Dst="-1" /><file name="gebort_facebook.png" server="ftp.domeneshop.no/www/en/" local="3450379643" remote="318763443843366852" Dst="-1" /><file name="gebort_mail.png" server="ftp.domeneshop.no/www/en/" local="3450379711" remote="318763443843366852" Dst="-1" /><file name="gebort_twitter.png" server="ftp.domeneshop.no/www/en/" local="3450379666" remote="318763443843366852" Dst="-1" /><file name="hej_igen.png" server="ftp.domeneshop.no/www/en/" local="3450379548" remote="318763443843366852" Dst="-1" /><file name="ico.png" server="ftp.domeneshop.no/www/en/" local="3449819841" remote="318763443843366852" Dst="-1" /><file name="linje.png" server="ftp.domeneshop.no/www/en/" local="3450300602" remote="318763443843366852" Dst="-1" /><file name="logotyp.png" server="ftp.domeneshop.no/www/en/" local="3450379500" remote="318763443843366912" Dst="-1" /><file name="slogan.png" server="ftp.domeneshop.no/www/en/" local="3450379843" remote="318763443843366912" Dst="-1" /><file name="unsubscribe.png" server="ftp.domeneshop.no/www/en/" local="3450379821" remote="318763443843366912" Dst="-1" /></dwsync>